<?xml version="1.0"?>
<!--
/**
 * Magento
 *
 * NOTICE OF LICENSE
 *
 * This source file is subject to the Academic Free License (AFL 3.0)
 * that is bundled with this package in the file LICENSE_AFL.txt.
 * It is also available through the world-wide-web at this URL:
 * http://opensource.org/licenses/afl-3.0.php
 * If you did not receive a copy of the license and are unable to
 * obtain it through the world-wide-web, please send an email
 * to license@magentocommerce.com so we can send you a copy immediately.
 *
 * DISCLAIMER
 *
 * Do not edit or add to this file if you wish to upgrade Magento to newer
 * versions in the future. If you wish to customize Magento for your
 * needs please refer to http://www.magentocommerce.com for more information.
 *
 * @category    Mage
 * @package     Mage_Catalog
 * @copyright   Copyright (c) 2014 Magento Inc. (http://www.magentocommerce.com)
 * @license     http://opensource.org/licenses/afl-3.0.php  Academic Free License (AFL 3.0)
 */
-->
<widgets>
    <new_products type="catalog/product_widget_new" translate="name description" module="catalog">
        <name>Catalog New Products List</name>
        <description>List of Products that are set as New</description>
        <is_email_compatible>1</is_email_compatible>
        <parameters>
            <display_type translate="label description">
                <required>1</required>
                <visible>1</visible>
                <label>Display Type</label>
                <type>select</type>
                <value>all_products</value>
                <values>
                    <default translate="label">
                        <value>all_products</value>
                        <label>All products</label>
                    </default>
                    <item translate="label">
                        <value>new_products</value>
                        <label>New products</label>
                    </item>
                </values>
                <description>All products - recently added products, New products - products marked as new</description>
            </display_type>
            <show_pager translate="label">
                <visible>1</visible>
                <label>Display Page Control</label>
                <type>select</type>
                <source_model>adminhtml/system_config_source_yesno</source_model>
            </show_pager>
            <products_per_page translate="label">
                <required>1</required>
                <visible>1</visible>
                <value>5</value>
                <label>Number of Products per Page</label>
                <type>text</type>
                <depends><show_pager><value>1</value></show_pager></depends>
            </products_per_page>
            <products_count translate="label">
                <required>1</required>
                <visible>1</visible>
                <value>10</value>
                <label>Number of Products to Display</label>
                <type>text</type>
            </products_count>
            <template>
                <required>1</required>
                <visible>1</visible>
                <label>Template</label>
                <type>select</type>
                <value>catalog/product/widget/new/content/new_grid.phtml</value>
                <values>
                    <default translate="label">
                        <value>catalog/product/widget/new/content/new_grid.phtml</value>
                        <label>New Products Grid Template</label>
                    </default>
                    <list translate="label">
                        <value>catalog/product/widget/new/content/new_list.phtml</value>
                        <label>New Products List Template</label>
                    </list>
                </values>
            </template>
            <cache_lifetime translate="label description">
                <label>Cache Lifetime (Seconds)</label>
                <description>86400 by default, if not set. To refresh instantly, Clear the Blocks HTML Output Cache.</description>
                <visible>1</visible>
                <type>text</type>
            </cache_lifetime>
        </parameters>
    </new_products>

    <catalog_product_link type="catalog/product_widget_link" translate="name description" module="catalog">
        <name>Catalog Product Link</name>
        <description>Link to a Specified Product</description>
        <is_email_compatible>1</is_email_compatible>
        <parameters>
            <id_path translate="label">
                <visible>1</visible>
                <required>1</required>
                <label>Product</label>
                <type>label</type>
                <helper_block>
                    <type>adminhtml/catalog_product_widget_chooser</type>
                    <data>
                        <button translate="open">
                            <open>Select Product...</open>
                        </button>
                    </data>
                </helper_block>
                <sort_order>10</sort_order>
            </id_path>
            <anchor_text translate="label description">
                <visible>1</visible>
                <label>Anchor Custom Text</label>
                <description>If empty, the Product Name will be used</description>
                <type>text</type>
            </anchor_text>
            <title translate="label">
                <visible>1</visible>
                <label>Anchor Custom Title</label>
                <type>text</type>
            </title>
            <template translate="label">
                <label>Template</label>
                <visible>1</visible>
                <type>select</type>
                <value>catalog/product/widget/link/link_block.phtml</value>
                <values>
                    <default translate="label">
                        <value>catalog/product/widget/link/link_block.phtml</value>
                        <label>Product Link Block Template</label>
                    </default>
                    <link_inline translate="label">
                        <value>catalog/product/widget/link/link_inline.phtml</value>
                        <label>Product Link Inline Template</label>
                    </link_inline>
                </values>
            </template>
        </parameters>
    </catalog_product_link>

    <catalog_category_link type="catalog/category_widget_link" translate="name description" module="catalog">
        <name>Catalog Category Link</name>
        <description>Link to a Specified Category</description>
        <is_email_compatible>1</is_email_compatible>
        <parameters>
            <id_path translate="label">
                <visible>1</visible>
                <required>1</required>
                <label>Category</label>
                <type>label</type>
                <helper_block>
                    <type>adminhtml/catalog_category_widget_chooser</type>
                    <data>
                        <button translate="open">
                            <open>Select Category...</open>
                        </button>
                    </data>
                </helper_block>
                <sort_order>10</sort_order>
            </id_path>
            <anchor_text translate="label description">
                <visible>1</visible>
                <label>Anchor Custom Text</label>
                <description>If empty, the Category Name will be used</description>
                <type>text</type>
            </anchor_text>
            <title translate="label">
                <visible>1</visible>
                <label>Anchor Custom Title</label>
                <type>text</type>
            </title>
            <template translate="label">
                <label>Template</label>
                <visible>1</visible>
                <type>select</type>
                <value>catalog/category/widget/link/link_block.phtml</value>
                <values>
                    <default translate="label">
                        <value>catalog/category/widget/link/link_block.phtml</value>
                        <label>Category Link Block Template</label>
                    </default>
                    <link_inline translate="label">
                        <value>catalog/category/widget/link/link_inline.phtml</value>
                        <label>Category Link Inline Template</label>
                    </link_inline>
                </values>
            </template>
        </parameters>
    </catalog_category_link>
</widgets>
