<?xml version="1.0"?>
<!--
/**
 * Easylife_Switcher extension
 *
 * NOTICE OF LICENSE
 *
 * This source file is subject to the MIT License
 * that is bundled with this package in the file LICENSE_EASYLIFE_SWITCHER.txt.
 * It is also available through the world-wide-web at this URL:
 * http://opensource.org/licenses/mit-license.php
 *
 * @category   	Easylife
 * @package	    Easylife_Switcher
 * @copyright   Copyright (c) 2013
 * @license	    http://opensource.org/licenses/mit-license.php MIT License
 */
-->
<config>
    <acl>
        <resources>
            <admin>
                <children>
                    <system>
                        <children>
                            <config>
                                <children>
                                    <easylife_switcher translate="title" module="easylife_switcher">
                                        <title>Easylife Switcher</title>
                                    </easylife_switcher>
                                </children>
                            </config>
                        </children>
                    </system>
                </children>
            </admin>
        </resources>
    </acl>
</config>